{"cameraMode":{"drawMode":0,"name":"Shaded","section":"Shading Mode"},"sceneLighting":true,"audioPlay":false,"sceneViewState":{"m_AlwaysRefresh":false,"showFog":true,"showSkybox":true,"showFlares":true,"showImageEffects":true,"showParticleSystems":true,"showVisualEffectGraphs":true,"m_FxEnabled":true},"in2DMode":false,"pivot":{"x":-0.7168217897415161,"y":-0.23702919483184815,"z":1.2901158332824708},"rotation":{"x":-0.02330721728503704,"y":0.941815972328186,"z":-0.06680087000131607,"w":-0.3286043405532837},"size":3.5729870796203615,"orthographic":false}